time_ms,ax,ay,az,gx,gy,gz,acc_mag,gyro_mag,label
8023,0.0173,-0.0099,0.4014,8.02,9.24,0.08,0.4019,12.2297,idle
8043,-0.0005,0.0001,0.4067,8.46,6.90,-0.63,0.4067,10.9339,idle
8063,0.0002,0.0057,0.4003,7.76,3.65,-0.27,0.4003,8.5756,idle
8083,0.0026,0.0111,0.4020,6.21,2.46,0.56,0.4021,6.7061,idle
8103,0.0015,0.0190,0.4055,3.68,1.83,1.80,0.4060,4.4877,idle
8123,0.0063,0.0234,0.4124,2.15,0.99,3.59,0.4131,4.3001,idle
8143,-0.0024,0.0306,0.4067,0.89,0.44,6.14,0.4079,6.2167,idle
8163,-0.0109,0.0353,0.4064,-0.17,-2.12,8.81,0.4080,9.0627,idle
8183,-0.0037,0.0431,0.4105,-1.66,-6.50,10.29,0.4128,12.2864,idle
8203,0.0062,0.0386,0.4099,-2.60,-7.73,10.21,0.4118,13.0666,idle
8223,-0.0004,0.0295,0.4166,-2.69,-7.60,8.67,0.4177,11.8417,idle
8243,0.0029,0.0245,0.4229,-2.37,-8.38,7.08,0.4236,11.2265,idle
8263,0.0059,0.0146,0.4318,-1.48,-6.55,6.14,0.4321,9.0972,idle
8283,0.0032,0.0135,0.4307,-0.84,-5.13,5.05,0.4309,7.2496,idle
8303,0.0038,0.0063,0.4202,-0.96,-3.97,3.82,0.4202,5.5901,idle
8323,0.0077,0.0079,0.4144,-0.55,-2.29,2.79,0.4146,3.6541,idle
8343,0.0001,0.0099,0.4119,0.00,-2.69,1.18,0.4120,2.9329,idle
8363,0.0012,0.0031,0.4161,0.79,-5.57,-0.92,0.4162,5.7028,idle
8383,0.0140,-0.0010,0.4146,1.54,-6.56,-2.89,0.4148,7.3350,idle
8403,0.0231,0.0160,0.4093,1.88,-2.81,-2.79,0.4103,4.3845,idle
8423,0.0239,0.0236,0.4041,1.65,2.31,-3.25,0.4054,4.3137,idle
8443,0.0094,0.0304,0.4036,1.11,5.69,-4.52,0.4048,7.3548,idle
8463,-0.0017,0.0298,0.4114,0.37,3.13,-4.84,0.4125,5.7752,idle
8483,0.0010,0.0265,0.4155,0.06,0.05,-5.19,0.4164,5.1914,idle
8503,0.0104,0.0236,0.4185,-0.02,-1.13,-4.61,0.4192,4.7471,idle
8523,0.0237,0.0229,0.4150,0.02,0.56,-4.37,0.4163,4.4028,idle
8543,0.0182,0.0270,0.4208,-0.87,2.70,-4.46,0.4220,5.2852,idle
8563,0.0026,0.0229,0.4164,-1.57,2.44,-3.98,0.4170,4.9313,idle
8583,-0.0045,0.0171,0.4248,-1.27,1.39,-3.59,0.4252,4.0507,idle
8603,-0.0172,0.0186,0.4276,-1.69,-2.44,-2.24,0.4284,3.7250,idle
8623,-0.0093,0.0212,0.4236,-2.63,-3.88,-1.19,0.4242,4.8323,idle
8643,-0.0015,0.0219,0.4182,-3.10,-2.87,0.43,0.4188,4.2457,idle
8663,-0.0070,0.0212,0.4177,-3.24,-1.40,1.54,0.4183,3.8505,idle
8683,-0.0034,0.0187,0.4290,-3.47,-2.14,1.71,0.4294,4.4162,idle
8703,-0.0077,0.0109,0.4244,-1.71,-3.25,1.92,0.4246,4.1472,idle
8723,-0.0046,0.0134,0.4263,-0.26,-4.23,1.63,0.4265,4.5410,idle
8743,-0.0009,0.0042,0.4302,0.75,-4.06,0.21,0.4302,4.1349,idle
8763,0.0011,0.0037,0.4209,1.48,-2.63,-0.08,0.4209,3.0157,idle
8783,0.0010,0.0054,0.4152,1.79,0.75,0.24,0.4152,1.9519,idle
8803,-0.0044,0.0105,0.4136,2.47,2.14,0.02,0.4137,3.2689,idle
8823,-0.0011,0.0104,0.4073,2.43,1.21,-0.46,0.4075,2.7490,idle
8843,0.0028,0.0172,0.4127,1.89,0.72,-0.81,0.4131,2.1803,idle
8863,0.0005,0.0134,0.4115,1.50,-0.41,-1.22,0.4117,1.9749,idle
8883,-0.0052,0.0150,0.4131,1.27,-2.11,-1.62,0.4134,2.9434,idle
8903,0.0017,0.0145,0.4094,1.01,-3.04,-1.77,0.4097,3.6582,idle
8923,0.0044,0.0149,0.4137,0.56,-0.99,-1.47,0.4140,1.8580,idle
8943,-0.0018,0.0179,0.4160,0.00,-0.32,-1.53,0.4164,1.5600,idle
8963,-0.0050,0.0168,0.4198,-0.17,-1.27,-1.47,0.4202,1.9448,idle
8983,-0.0122,0.0209,0.4193,-0.95,-4.27,-1.24,0.4200,4.5496,idle
9003,0.0000,0.0203,0.4218,-0.98,-6.85,-1.16,0.4222,7.0208,idle
9023,0.0096,0.0112,0.4185,-0.37,-6.14,-1.60,0.4187,6.3539,idle
9043,0.0161,0.0076,0.4139,0.03,-3.33,-1.94,0.4143,3.8520,idle
9063,0.0062,0.0039,0.4197,0.78,-1.37,-2.56,0.4197,3.0121,idle
9083,0.0021,0.0029,0.4128,1.44,-1.01,-3.02,0.4129,3.4947,idle
9103,0.0006,0.0050,0.4071,1.68,-1.24,-3.02,0.4071,3.6725,idle
9123,0.0056,0.0140,0.4095,1.40,-0.47,-2.75,0.4098,3.1223,idle
9143,0.0052,0.0160,0.4138,0.69,0.93,-2.56,0.4142,2.8139,idle
9163,-0.0076,0.0217,0.4203,0.35,-0.58,-2.64,0.4209,2.7269,idle
9183,-0.0032,0.0184,0.4231,0.46,-2.56,-2.61,0.4235,3.6884,idle
9203,-0.0009,0.0159,0.4255,0.89,-2.56,-2.49,0.4258,3.6818,idle
9223,0.0017,0.0164,0.4250,1.19,-1.95,-2.11,0.4254,3.1106,idle
9243,-0.0002,0.0205,0.4214,0.87,-1.30,-1.27,0.4219,2.0117,idle
9263,-0.0051,0.0159,0.4209,0.63,-1.68,-1.05,0.4212,2.0789,idle
9283,-0.0046,0.0137,0.4211,1.10,-3.51,-0.69,0.4214,3.7431,idle
9303,-0.0021,0.0140,0.4171,1.10,-4.00,-0.49,0.4174,4.1770,idle
9323,0.0046,0.0138,0.4139,1.10,-3.65,-1.04,0.4142,3.9497,idle
9343,0.0083,0.0156,0.4022,1.16,-2.18,-1.54,0.4026,2.9138,idle
9363,0.0018,0.0132,0.4131,1.51,-0.92,-1.39,0.4133,2.2481,idle
9383,-0.0043,0.0121,0.4124,1.59,-1.65,-1.56,0.4126,2.7685,idle
9403,-0.0020,0.0137,0.4126,0.99,-2.52,-1.79,0.4128,3.2437,idle
9423,0.0029,0.0139,0.4082,1.33,-1.74,-2.26,0.4085,3.1463,idle
9443,-0.0012,0.0194,0.4100,0.50,-1.60,-1.89,0.4105,2.5313,idle
9463,-0.0013,0.0177,0.4087,0.60,-0.61,-1.97,0.4091,2.1462,idle
9483,-0.0040,0.0107,0.4126,0.61,-1.15,-1.57,0.4128,2.0388,idle
9503,-0.0052,0.0044,0.4103,0.82,-1.80,-1.83,0.4103,2.6984,idle
9523,-0.0007,0.0103,0.4099,0.63,-1.47,-1.63,0.4100,2.2822,idle
9543,0.0051,0.0116,0.4128,0.47,-0.49,-1.73,0.4130,1.8544,idle
9563,0.0010,0.0135,0.4153,0.32,0.79,-1.92,0.4155,2.1056,idle
9583,-0.0085,0.0164,0.4155,0.11,0.37,-1.33,0.4159,1.3820,idle
9603,-0.0006,0.0155,0.4133,0.05,-0.75,-0.82,0.4136,1.1142,idle
9623,-0.0034,0.0139,0.4209,-0.34,-0.64,-0.18,0.4211,0.7467,idle
9643,-0.0073,0.0155,0.4210,-0.61,-1.22,0.00,0.4214,1.3655,idle
9663,-0.0029,0.0171,0.4176,-0.95,-2.52,0.44,0.4180,2.7272,idle
9683,-0.0004,0.0131,0.4169,-0.52,-1.95,0.64,0.4171,2.1212,idle
9703,-0.0021,0.0194,0.4226,-0.32,-1.80,0.18,0.4231,1.8390,idle
9723,-0.0018,0.0123,0.4214,-0.09,-2.41,-0.06,0.4216,2.4147,forward
9743,0.0032,0.0099,0.4188,0.20,-2.61,-0.21,0.4190,2.6269,forward
9763,0.0051,0.0073,0.4165,0.96,-1.77,-0.43,0.4166,2.0602,forward
9783,0.0021,0.0118,0.4153,1.10,-0.53,-0.79,0.4155,1.4574,forward
9803,-0.0007,0.0155,0.4167,1.33,-0.58,-0.70,0.4170,1.6106,forward
9823,-0.0076,0.0118,0.4208,1.34,-1.80,-0.69,0.4210,2.3500,forward
9843,-0.0048,0.0175,0.4172,0.72,-4.20,-0.56,0.4176,4.2966,forward
9863,0.0068,0.0125,0.4113,0.89,-3.30,-0.46,0.4115,3.4451,forward
9883,0.0031,0.0132,0.4126,0.84,-1.05,-0.31,0.4128,1.3813,forward
9903,-0.0023,0.0122,0.4214,1.19,-0.67,-0.82,0.4216,1.5966,forward
9923,-0.0116,0.0109,0.4159,1.07,-2.72,-1.15,0.4162,3.1366,forward
9943,-0.0005,0.0143,0.4194,1.34,-4.20,-0.58,0.4197,4.4462,forward
9963,0.0048,0.0179,0.4159,1.07,-2.72,-0.37,0.4163,2.9430,forward
9983,-0.0006,0.0133,0.4147,1.24,-1.79,-0.64,0.4149,2.2652,forward
10003,-0.0027,0.0144,0.4163,1.13,-2.11,-0.49,0.4165,2.4401,forward
10023,-0.0070,0.0101,0.4177,0.99,-2.40,-0.66,0.4179,2.6760,forward
10043,0.0018,0.0133,0.4116,0.98,-2.56,-0.14,0.4118,2.7481,forward
10063,-0.0050,0.0125,0.4167,0.85,-1.37,0.06,0.4170,1.6195,forward
10083,-0.0063,0.0116,0.4117,0.49,-1.69,0.61,0.4120,1.8664,forward
10103,-0.0042,0.0164,0.4164,0.60,-2.46,1.18,0.4167,2.7890,forward
10123,0.0009,0.0111,0.4135,0.89,-3.31,0.53,0.4136,3.4707,forward
10143,0.0049,0.0138,0.4147,0.47,-2.90,0.02,0.4149,2.9392,forward
10163,0.0044,0.0128,0.4113,0.47,-1.63,-0.35,0.4115,1.7366,forward
10183,-0.0038,0.0140,0.4144,0.70,-1.16,-0.26,0.4147,1.3809,forward
10203,-0.0093,0.0115,0.4138,0.47,-2.43,-0.06,0.4141,2.4739,forward
10223,-0.0045,0.0178,0.4126,0.17,-3.33,0.02,0.4130,3.3325,forward
10243,-0.0059,0.0175,0.4257,0.03,-3.83,0.81,0.4261,3.9167,forward
10263,-0.0090,0.0177,0.4402,0.47,-4.96,2.02,0.4406,5.3763,forward
10283,-0.0164,0.0098,0.4691,2.58,-7.51,2.73,0.4695,8.3993,forward
10303,-0.0143,0.0116,0.5046,6.43,-11.42,5.04,0.5050,14.0395,forward
10323,-0.0172,0.0055,0.5687,14.60,-14.84,8.05,0.5690,22.3154,forward
10343,0.0182,-0.0182,0.6359,28.12,-18.92,8.89,0.6364,35.0374,forward
10363,0.0388,-0.0300,0.6525,45.65,-16.20,8.76,0.6543,49.2240,forward
10383,0.0316,-0.0398,0.6459,65.83,-14.03,8.08,0.6479,67.7934,forward
10403,0.0310,-0.0385,0.6835,88.72,-8.20,4.38,0.6853,89.2032,forward
10423,0.0195,-0.0176,0.6912,111.31,0.11,2.23,0.6917,111.3354,forward
10443,-0.0106,-0.0070,0.6899,130.76,7.04,3.01,0.6901,130.9872,forward
10463,-0.0342,-0.0055,0.6448,150.96,6.52,8.15,0.6457,151.3223,forward
10483,-0.0167,0.0208,0.5848,169.73,3.45,12.55,0.5854,170.2235,forward
10503,0.0042,0.0574,0.5001,183.22,1.33,13.02,0.5034,183.6884,forward
10523,0.0156,0.0856,0.4646,194.52,2.32,11.45,0.4727,194.8696,forward
10543,-0.0156,0.0974,0.4089,201.39,-1.45,11.77,0.4207,201.7382,forward
10563,0.0071,0.1222,0.3579,206.72,-4.38,13.82,0.3783,207.2251,forward
10583,0.0117,0.1500,0.2893,207.89,-3.73,14.72,0.3261,208.4467,forward
10603,0.0291,0.1864,0.2131,204.00,-1.62,10.38,0.2846,204.2704,forward
10623,0.0411,0.1915,0.1840,200.00,2.50,11.77,0.2687,200.3617,forward
10643,-0.0011,0.2218,0.1074,193.59,4.89,12.56,0.2464,194.0566,forward
10663,0.0171,0.2521,0.0708,184.35,1.42,12.69,0.2624,184.7926,forward
10683,0.0238,0.2638,0.0433,174.23,0.72,13.36,0.2684,174.7419,forward
10703,0.0590,0.3029,-0.0056,161.27,3.16,12.78,0.3086,161.8035,forward
10723,0.0692,0.3363,-0.0317,147.65,7.08,9.13,0.3448,148.1004,forward
10743,0.0342,0.3396,-0.0518,131.79,8.26,7.76,0.3452,132.2724,forward
10763,0.0502,0.3751,-0.0769,114.52,3.34,8.79,0.3862,114.9049,forward
10783,0.0602,0.3921,-0.0953,98.06,2.96,2.87,0.4080,98.1478,forward
10803,0.0326,0.4120,-0.1217,80.40,0.40,0.46,0.4308,80.3992,forward
10823,0.0503,0.4272,-0.1400,60.90,-2.64,-1.92,0.4524,60.9884,forward
10843,0.0540,0.4398,-0.1564,40.63,-0.81,-4.95,0.4699,40.9340,forward
10863,0.0225,0.4529,-0.1603,19.59,0.26,-6.35,0.4809,20.5933,forward
10883,0.0206,0.4629,-0.1654,-0.46,-2.05,-5.85,0.4920,6.2118,forward
10903,0.0416,0.4689,-0.1638,-20.31,0.90,-5.45,0.4984,21.0434,forward
10923,0.0255,0.4694,-0.1714,-40.85,6.43,-4.98,0.5003,41.6559,forward
10943,0.0276,0.4755,-0.1620,-61.21,8.41,-3.97,0.5031,61.9089,forward
10963,0.0291,0.4652,-0.1384,-80.15,11.10,-4.76,0.4862,81.0576,forward
10983,0.0187,0.4514,-0.1199,-96.93,11.88,-4.24,0.4674,97.7485,forward
11003,0.0026,0.4299,-0.0751,-114.34,7.98,-3.59,0.4364,114.6705,forward
11023,0.0078,0.4028,-0.0431,-129.91,2.60,-0.55,0.4052,129.9355,forward
11043,0.0284,0.3851,-0.0292,-144.60,0.29,1.69,0.3873,144.6056,forward
11063,0.0447,0.3835,-0.0359,-159.37,5.45,0.99,0.3878,159.4703,forward
11083,0.0652,0.3778,-0.0255,-174.12,11.62,0.55,0.3842,174.5102,forward
11103,0.0924,0.3320,0.0206,-186.76,16.15,-2.89,0.3453,187.4827,forward
11123,0.0303,0.2765,0.1143,-195.15,12.50,-9.48,0.3007,195.7749,forward
11143,-0.0681,0.2083,0.1617,-202.49,-3.57,-7.47,0.2723,202.6576,forward
11163,-0.0928,0.1694,0.1949,-207.05,-29.77,-4.69,0.2744,209.2353,forward
11183,0.0065,0.1472,0.1934,-210.41,-52.38,-3.27,0.2431,216.8590,forward
11203,0.1372,0.1394,0.1764,-216.32,-50.73,-3.13,0.2634,222.2121,forward
11223,0.1191,0.0737,0.2467,-221.53,-31.53,-7.45,0.2837,223.8828,forward
11243,-0.0203,-0.0359,0.4028,-219.21,-25.07,-9.56,0.4049,220.8418,forward
11263,0.0049,-0.0795,0.5226,-206.92,-38.76,-10.23,0.5286,210.7640,forward
11283,0.0992,-0.0842,0.5718,-187.76,-35.60,-11.62,0.5864,191.4544,forward
11303,0.1089,-0.1167,0.6145,-164.15,-20.82,-11.59,0.6349,165.8735,forward
11323,0.0380,-0.1593,0.7040,-138.05,-8.69,-15.97,0.7228,139.2377,forward
11343,0.0277,-0.1362,0.7697,-108.11,-2.27,-18.76,0.7821,109.7467,forward
11363,0.0077,-0.1111,0.8021,-77.24,0.46,-16.24,0.8098,78.9277,forward
11383,0.0002,-0.0812,0.7794,-49.07,-0.08,-10.35,0.7836,50.1487,forward
11403,0.0409,-0.0399,0.7097,-27.65,0.82,-5.98,0.7120,28.3012,forward
11423,0.0981,-0.0010,0.6487,-12.11,13.02,-6.17,0.6561,18.8206,forward
11443,0.0764,0.0127,0.6208,0.35,25.71,-6.44,0.6257,26.5072,forward
11463,0.0295,0.0265,0.5937,9.53,24.27,-4.87,0.5951,26.5282,forward
11483,0.0084,0.0267,0.5563,16.02,13.74,-2.99,0.5570,21.3130,forward
11503,0.0066,0.0350,0.5175,20.31,2.26,-0.73,0.5187,20.4438,forward
11523,0.0232,0.0422,0.4680,21.95,-5.98,2.26,0.4705,22.8672,forward
11543,0.0492,0.0389,0.4314,22.70,-6.81,4.55,0.4359,24.1342,forward
11563,0.0438,0.0327,0.4186,21.95,-3.10,5.08,0.4221,22.7473,forward
11583,0.0183,0.0299,0.4006,20.96,-3.34,6.95,0.4022,22.3346,forward
11603,0.0150,0.0306,0.3845,18.61,-7.48,8.50,0.3860,21.7862,forward
11623,0.0156,0.0304,0.3785,16.73,-11.54,9.69,0.3801,22.5209,forward
11643,0.0289,0.0282,0.3678,14.93,-13.66,9.53,0.3700,22.3699,forward
11663,0.0494,0.0330,0.3528,12.32,-11.73,9.11,0.3578,19.2964,forward
11683,0.0580,0.0316,0.3502,9.82,-6.40,7.02,0.3564,13.6606,forward
11703,0.0494,0.0286,0.3600,7.04,-2.32,4.75,0.3645,8.8014,forward
11723,0.0332,0.0253,0.3815,5.24,-2.70,2.61,0.3837,6.4452,forward
11743,0.0317,0.0195,0.3872,4.15,-5.13,1.56,0.3890,6.7812,forward
11763,0.0394,0.0300,0.3806,3.30,-6.76,1.02,0.3838,7.5937,left
11783,0.0566,0.0347,0.3798,1.11,-4.24,0.63,0.3855,4.4326,left
11803,0.0513,0.0266,0.3942,-0.35,0.23,-0.49,0.3984,0.6438,left
11823,0.0461,0.0328,0.3969,-1.16,1.13,-0.93,0.4009,1.8682,left
11843,0.0337,0.0316,0.4208,-1.40,-0.21,-1.04,0.4233,1.7596,left
11863,0.0280,0.0303,0.4268,-1.19,-5.62,-0.46,0.4287,5.7614,left
11883,0.0557,0.0315,0.4298,-0.17,-8.37,-0.93,0.4345,8.4198,left
11903,0.0703,0.0394,0.4147,0.18,-3.88,-1.34,0.4224,4.1081,left
11923,0.0642,0.0400,0.4192,0.52,1.53,-1.97,0.4260,2.5454,left
11943,0.0397,0.0360,0.4336,0.92,2.89,-2.34,0.4369,3.8238,left
11963,0.0358,0.0353,0.4340,1.28,-0.11,-1.36,0.4369,1.8715,left
11983,0.0406,0.0402,0.4292,2.46,-2.44,-1.30,0.4330,3.7004,left
12003,0.0485,0.0404,0.4165,3.07,-2.15,-1.48,0.4213,4.0304,left
12023,0.0509,0.0461,0.4103,2.89,0.44,-1.95,0.4160,3.5130,left
12043,0.0441,0.0458,0.4200,2.79,1.10,-2.08,0.4248,3.6504,left
12063,0.0303,0.0426,0.4204,2.50,-1.34,-1.25,0.4236,3.1051,left
12083,0.0391,0.0364,0.4193,3.08,-4.55,-0.92,0.4227,5.5722,left
12103,0.0536,0.0421,0.4039,3.01,-4.23,-1.42,0.4096,5.3802,left
12123,0.0516,0.0406,0.4017,2.93,-1.13,-1.77,0.4071,3.6063,left
12143,0.0426,0.0443,0.4106,2.50,0.73,-1.16,0.4152,2.8552,left
12163,0.0319,0.0453,0.4152,1.59,0.18,-0.32,0.4188,1.6302,left
12183,0.0288,0.0410,0.4128,0.44,-4.00,0.63,0.4159,4.0728,left
12203,0.0497,0.0431,0.4124,0.93,-6.03,0.18,0.4176,6.1048,left
12223,0.0542,0.0442,0.4104,0.99,-4.37,-1.11,0.4163,4.6144,left
12243,0.0554,0.0376,0.4127,1.25,-1.69,-2.11,0.4181,2.9796,left
12263,0.0409,0.0342,0.4147,1.24,-0.35,-2.60,0.4181,2.8963,left
12283,0.0261,0.0394,0.4200,1.18,-2.11,-1.11,0.4227,2.6576,left
12303,0.0197,0.0391,0.4158,1.31,-4.23,0.02,0.4181,4.4282,left
12323,0.0216,0.0397,0.4156,1.66,-4.95,1.85,0.4181,5.5363,left
12343,0.0160,0.0284,0.4261,2.72,-3.21,3.76,0.4274,5.6365,left
12363,-0.0076,0.0282,0.4352,4.11,-0.20,6.82,0.4362,7.9673,left
12383,-0.0323,0.0328,0.4340,5.01,1.42,12.75,0.4364,13.7698,left
12403,-0.0581,0.0305,0.4340,6.52,0.31,21.02,0.4389,22.0126,left
12423,-0.0889,0.0254,0.4369,7.56,-1.76,31.10,0.4466,32.0524,left
12443,-0.1118,0.0175,0.4425,8.95,-5.07,43.42,0.4567,44.6208,left
12463,-0.1174,-0.0017,0.4608,11.42,-9.44,57.65,0.4755,59.5216,left
12483,-0.1154,-0.0187,0.4821,15.05,-12.41,73.08,0.4960,75.6435,left
12503,-0.1494,-0.0330,0.4847,20.67,-17.98,90.21,0.5083,94.2830,left
12523,-0.1830,-0.0598,0.5026,26.76,-28.05,108.05,0.5382,114.7900,left
12543,-0.1556,-0.0752,0.4746,31.02,-38.89,128.60,0.5051,137.8814,left
12563,-0.0447,-0.0779,0.4695,36.21,-39.76,145.37,0.4780,155.0018,left
12583,0.0337,-0.0557,0.4271,38.46,-20.29,159.25,0.4321,165.0814,left
12603,0.0931,-0.0309,0.4138,38.58,0.87,169.47,0.4253,173.8039,left
12623,0.1014,-0.0164,0.4014,36.64,15.02,173.86,0.4143,178.3156,left
12643,0.1063,0.0006,0.3868,34.96,20.72,175.40,0.4012,180.0509,left
12663,0.0889,-0.0105,0.3915,32.79,18.63,175.65,0.4016,179.6521,left
12683,0.0844,-0.0237,0.3914,32.87,11.16,176.85,0.4010,180.2295,left
12703,0.1543,-0.0109,0.3824,32.55,7.34,176.96,0.4125,180.0802,left
12723,0.2257,-0.0032,0.3864,31.48,13.73,171.68,0.4475,175.0807,left
12743,0.2292,-0.0013,0.3817,31.33,27.39,162.23,0.4453,167.4810,left
12763,0.2673,0.0197,0.3519,24.08,48.66,157.31,0.4424,166.4166,left
12783,0.3083,0.0381,0.3301,18.18,66.17,146.06,0.4533,161.3774,left
12803,0.2623,0.0547,0.3557,12.46,72.93,129.30,0.4454,148.9700,left
12823,0.2701,0.0458,0.3829,10.90,70.70,113.22,0.4709,133.9280,left
12843,0.2904,0.0625,0.3778,9.05,62.15,90.79,0.4806,110.4013,left
12863,0.2927,0.0693,0.3615,7.33,52.67,68.50,0.4703,86.7225,left
12883,0.2894,0.0686,0.3708,6.31,38.61,47.68,0.4754,61.6755,left
12903,0.2977,0.0709,0.3850,5.36,22.84,25.92,0.4918,34.9629,left
12923,0.3162,0.0709,0.3547,3.85,7.80,1.31,0.4804,8.7971,left
12943,0.3616,0.0845,0.3298,-0.73,-1.89,-26.81,0.4966,26.8859,left
12963,0.3649,0.0784,0.3289,-7.60,0.98,-51.86,0.4974,52.4260,left
12983,0.2996,0.0540,0.3534,-11.36,-1.28,-76.66,0.4664,77.5041,left
13003,0.2205,0.0542,0.3855,-14.60,-20.27,-93.66,0.4474,96.9384,left
13023,0.2278,0.0457,0.3951,-16.12,-42.73,-111.37,0.4584,120.3752,left
13043,0.2765,0.0514,0.3625,-20.18,-52.67,-126.89,0.4588,138.8582,left
13063,0.3140,0.0437,0.3367,-26.09,-47.07,-143.16,0.4624,152.9415,left
13083,0.3091,0.0167,0.3555,-31.53,-31.36,-159.04,0.4713,165.1376,left
13103,0.2041,-0.0360,0.4294,-28.47,-18.05,-174.85,0.4768,178.0748,left
13123,0.0610,-0.0458,0.4607,-21.89,-30.11,-180.99,0.4670,184.7809,left
13143,0.0520,-0.0206,0.4203,-19.45,-56.20,-183.73,0.4240,193.1102,left
13163,0.1445,-0.0093,0.3741,-22.93,-64.50,-190.76,0.4012,202.6752,left
13183,0.1875,-0.0253,0.3488,-28.60,-47.40,-197.07,0.3968,204.6972,left
13203,0.0702,-0.1136,0.4751,-23.50,-28.20,-200.63,0.4935,203.9559,left
13223,-0.1056,-0.1497,0.5259,-14.60,-31.30,-193.71,0.5569,196.7641,left
13243,-0.0793,-0.1055,0.4460,-14.38,-45.83,-175.15,0.4652,181.6128,left
13263,0.0187,-0.0806,0.3965,-18.00,-35.63,-164.34,0.4050,169.1154,left
13283,0.0537,-0.0668,0.3911,-21.92,4.38,-151.02,0.4004,152.6688,left
13303,-0.0461,-0.0939,0.4592,-21.97,50.79,-135.31,0.4710,146.1926,left
13323,-0.1860,-0.1219,0.5457,-15.13,62.05,-116.76,0.5893,133.0875,left
13343,-0.3013,-0.1095,0.5546,-5.08,38.72,-91.33,0.6405,99.3265,left
13363,-0.2317,-0.0460,0.4619,4.90,-0.89,-63.33,0.5188,63.5238,left
13383,-0.1136,-0.0095,0.4276,8.12,-8.61,-48.56,0.4426,49.9866,left
13403,-0.0542,0.0275,0.4185,8.99,9.16,-33.44,0.4228,35.8145,left
13423,-0.0231,0.0487,0.4336,8.85,28.75,-25.97,0.4369,39.7401,left
13443,-0.0522,0.0574,0.4407,7.68,39.71,-16.02,0.4475,43.5010,left
13463,-0.0983,0.0582,0.4668,8.90,28.35,-6.26,0.4806,30.3676,left
13483,-0.0676,0.0646,0.4620,10.58,5.54,1.30,0.4714,12.0140,left
13503,0.0026,0.0778,0.4270,11.01,-3.86,4.08,0.4340,12.3574,left
13523,0.0411,0.0919,0.3969,10.31,-0.31,3.74,0.4094,10.9674,left
13543,0.0538,0.0991,0.3978,9.59,4.43,2.08,0.4135,10.7629,left
13563,0.0446,0.0951,0.4124,8.72,7.66,0.46,0.4255,11.6166,left
13583,0.0267,0.0941,0.4192,7.10,7.69,0.47,0.4305,10.4800,left
13603,0.0140,0.0874,0.4102,5.85,2.66,0.23,0.4196,6.4266,left
13623,0.0181,0.0854,0.3921,4.92,-2.50,-1.10,0.4017,5.6254,left
13643,0.0186,0.0845,0.3940,4.38,-3.57,-1.66,0.4034,5.8933,left
13663,0.0221,0.0726,0.3969,3.15,-2.96,-1.40,0.4040,4.5427,left
13683,0.0238,0.0724,0.3948,2.09,-1.56,-0.69,0.4021,2.6966,left
13703,0.0176,0.0698,0.3977,0.81,0.41,-0.29,0.4042,0.9533,left
13723,0.0078,0.0673,0.4032,0.38,-1.59,-0.29,0.4088,1.6586,left
13743,0.0114,0.0635,0.3975,0.55,-3.94,-0.67,0.4027,4.0334,left
13763,0.0188,0.0647,0.3983,0.70,-4.60,-1.53,0.4040,4.8931,left
13783,0.0194,0.0651,0.4012,0.82,-3.34,-2.06,0.4069,4.0133,right
13803,0.0160,0.0677,0.4087,0.43,-0.98,-1.88,0.4146,2.1596,right
13823,0.0045,0.0647,0.4064,0.15,-0.50,-0.37,0.4115,0.6414,right
13843,0.0029,0.0623,0.4121,-0.89,-1.68,0.41,0.4168,1.9428,right
13863,0.0060,0.0646,0.4059,-1.19,-4.18,1.04,0.4110,4.4716,right
13883,0.0210,0.0671,0.4089,-1.24,-4.38,1.66,0.4149,4.8474,right
13903,0.0259,0.0670,0.4166,-0.38,-2.49,1.44,0.4228,2.8979,right
13923,0.0205,0.0692,0.4199,0.32,-1.16,0.93,0.4261,1.5220,right
13943,0.0208,0.0601,0.4202,0.96,-0.93,0.85,0.4249,1.5885,right
13963,0.0165,0.0613,0.4169,1.65,-1.47,0.76,0.4217,2.3344,right
13983,0.0276,0.0691,0.4128,2.17,-1.51,0.17,0.4195,2.6481,right
14003,0.0295,0.0734,0.4082,1.65,0.63,-0.70,0.4158,1.8984,right
14023,0.0210,0.0665,0.4137,1.42,1.66,-1.13,0.4195,2.4620,right
14043,0.0103,0.0693,0.4122,1.34,-0.02,-0.75,0.4181,1.5378,right
14063,0.0120,0.0697,0.4080,1.25,-2.34,0.17,0.4140,2.6555,right
14083,0.0160,0.0670,0.4113,1.28,-2.49,0.03,0.4170,2.7997,right
14103,0.0148,0.0647,0.4099,1.05,-2.35,0.44,0.4152,2.6141,right
14123,0.0217,0.0704,0.4077,0.69,-2.52,1.28,0.4143,2.9090,right
14143,0.0221,0.0662,0.4025,0.46,-0.55,1.54,0.4085,1.6999,right
14163,0.0150,0.0649,0.4116,0.29,0.58,1.42,0.4170,1.5610,right
14183,0.0116,0.0681,0.4093,-0.23,0.67,1.37,0.4151,1.5465,right
14203,0.0083,0.0685,0.4125,0.29,-0.63,1.54,0.4182,1.6893,right
14223,0.0110,0.0653,0.4164,0.44,-2.60,1.89,0.4216,3.2429,right
14243,0.0194,0.0670,0.4030,0.15,-3.30,2.03,0.4089,3.8757,right
14263,0.0266,0.0676,0.3989,-0.38,-1.53,1.66,0.4055,2.2904,right
14283,0.0237,0.0726,0.3955,-1.69,0.92,1.37,0.4028,2.3662,right
14303,0.0090,0.0721,0.3960,-4.17,-0.11,0.95,0.4026,4.2754,right
14323,0.0022,0.0629,0.4073,-4.63,-3.98,0.90,0.4122,6.1716,right
14343,0.0121,0.0570,0.4156,-4.08,-7.89,0.93,0.4197,8.9323,right
14363,0.0354,0.0571,0.4155,-2.79,-5.71,0.73,0.4209,6.3989,right
14383,0.0409,0.0574,0.4121,-1.76,-0.40,0.03,0.4181,1.8003,right
14403,0.0366,0.0586,0.4249,-0.96,4.64,-1.08,0.4305,4.8622,right
14423,0.0099,0.0616,0.4297,-0.12,5.77,-1.66,0.4342,6.0074,right
14443,-0.0109,0.0641,0.4276,0.58,0.24,-0.95,0.4325,1.1368,right
14463,0.0050,0.0663,0.4255,0.82,-5.89,-0.20,0.4307,5.9538,right
14483,0.0239,0.0660,0.4122,0.18,-5.40,0.75,0.4182,5.4592,right
14503,0.0304,0.0637,0.4175,-0.41,-3.11,1.86,0.4234,3.6523,right
14523,0.0299,0.0679,0.4219,-1.45,-2.85,1.80,0.4283,3.6742,right
14543,0.0399,0.0624,0.4305,-2.32,-5.73,0.53,0.4369,6.2007,right
14563,0.0730,0.0582,0.4490,-1.63,-10.98,-2.76,0.4586,11.4368,right
14583,0.1409,0.0596,0.4515,-0.35,-14.06,-9.69,0.4767,17.0828,right
14603,0.1960,0.0752,0.4301,2.40,-7.89,-21.60,0.4786,23.1244,right
14623,0.2084,0.0995,0.4026,3.86,-0.52,-34.90,0.4641,35.1177,right
14643,0.1984,0.1193,0.3864,0.98,0.72,-48.29,0.4504,48.3053,right
14663,0.1843,0.1293,0.3832,-3.63,-5.83,-61.24,0.4444,61.6210,right
14683,0.2012,0.1246,0.3800,-9.54,-14.53,-75.51,0.4477,77.4873,right
14703,0.2189,0.1022,0.3744,-16.05,-19.19,-92.26,0.4455,95.5907,right
14723,0.1875,0.0518,0.4083,-19.85,-25.82,-109.77,0.4523,114.4993,right
14743,0.0894,0.0010,0.4623,-18.79,-41.79,-123.88,0.4708,132.0796,right
14763,0.1024,-0.0284,0.4573,-15.24,-72.17,-137.76,0.4695,156.2594,right
14783,0.2405,-0.0104,0.4006,-18.78,-74.89,-156.44,0.4674,174.4557,right
14803,0.2849,-0.0096,0.3381,-26.38,-44.15,-169.85,0.4423,177.4643,right
14823,0.2223,-0.0449,0.3434,-34.41,-9.40,-178.40,0.4115,181.9289,right
14843,0.1356,-0.0927,0.3724,-40.69,11.85,-183.76,0.4070,188.5788,right
14863,0.0602,-0.1350,0.4034,-43.83,23.50,-185.66,0.4297,192.2095,right
14883,0.0389,-0.1727,0.3832,-44.38,32.21,-182.63,0.4221,190.6822,right
14903,-0.0033,-0.1685,0.3677,-44.70,45.45,-172.79,0.4044,184.1786,right
14923,-0.0497,-0.1708,0.3525,-45.54,58.55,-157.45,0.3949,174.0481,right
14943,-0.1134,-0.1655,0.3916,-44.44,64.50,-142.27,0.4400,162.4131,right
14963,-0.1635,-0.1548,0.4468,-42.76,64.61,-126.03,0.5003,147.9424,right
14983,-0.5177,-0.2035,0.5157,-26.40,93.79,-75.69,0.7586,123.3789,right
15003,-0.9382,-0.2063,0.7150,-5.47,18.41,11.62,1.1975,22.4470,right
15023,-0.2277,-0.1453,0.5387,12.55,-38.40,0.49,0.6026,40.3987,right
15043,-0.0609,-0.0531,0.3883,25.51,19.80,-12.84,0.3966,34.7533,right
15063,-0.2695,-0.0388,0.3317,28.37,13.30,6.90,0.4291,32.0796,right
15083,-0.0612,-0.0057,0.3290,20.20,-13.24,11.16,0.3347,26.6034,right
15103,0.0575,-0.0094,0.3098,16.47,4.23,-0.12,0.3152,17.0079,right
15123,-0.0756,-0.0145,0.3395,12.58,18.55,6.56,0.3481,23.3548,right
15143,-0.0901,-0.0104,0.3685,7.28,9.74,17.34,0.3795,21.1827,right
15163,-0.1240,-0.0422,0.4016,6.49,3.82,28.50,0.4224,29.4811,right
15183,-0.1520,-0.0497,0.3873,6.37,-14.40,37.13,0.4190,40.3289,right
15203,-0.0946,-0.0497,0.3762,6.15,-24.38,43.44,0.3911,50.1890,right
15223,-0.0964,-0.0569,0.3754,7.59,-21.44,49.31,0.3917,54.3029,right
15243,-0.0842,-0.0615,0.3893,8.32,-19.05,56.73,0.4030,60.4225,right
15263,-0.0470,-0.0659,0.4100,10.60,-13.02,62.18,0.4179,64.4097,right
15283,-0.1006,-0.0674,0.4203,14.12,-6.08,70.53,0.4374,72.1904,right
15303,-0.1404,-0.0640,0.4152,14.69,-11.92,81.94,0.4429,84.0944,right
15323,-0.0740,-0.0533,0.4080,13.65,-18.69,89.97,0.4180,92.8978,right
15343,-0.0630,-0.0519,0.4155,15.15,-10.18,96.56,0.4235,98.2743,right
15363,-0.1086,-0.0573,0.4198,15.63,-13.27,105.82,0.4374,107.7851,right
15383,-0.0502,-0.0426,0.4419,16.35,-23.11,112.93,0.4468,116.4265,right
15403,0.0190,-0.0228,0.4224,18.63,-15.80,112.67,0.4234,115.2889,right
15423,-0.0364,-0.0127,0.4091,17.79,-4.81,116.21,0.4109,117.6653,right
15443,-0.0801,-0.0212,0.4177,15.31,-6.63,121.74,0.4259,122.8785,right
15463,-0.1010,-0.0431,0.4314,14.61,-17.27,127.19,0.4451,129.1864,right
15483,-0.0303,-0.0370,0.4528,17.73,-30.63,133.56,0.4553,138.1654,right
15503,0.0657,-0.0272,0.4462,20.52,-27.83,135.19,0.4518,139.5429,right
15523,0.1075,-0.0029,0.4050,19.69,-9.05,134.02,0.4191,135.7569,right
15543,0.0719,-0.0033,0.4113,16.70,8.17,130.92,0.4175,132.2297,right
15563,0.0989,-0.0013,0.4724,20.14,2.85,124.53,0.4827,126.1843,right
15583,0.1447,0.0175,0.4603,25.65,2.17,114.21,0.4828,117.0784,right
15603,0.1422,0.0465,0.3950,27.27,9.86,107.15,0.4224,110.9992,right
15623,0.1138,0.0710,0.3512,23.59,12.23,98.92,0.3759,102.4222,right
15643,0.0974,0.0889,0.3743,19.37,7.69,90.75,0.3968,93.1116,right
15663,0.1664,0.1031,0.4220,17.91,2.37,81.86,0.4652,83.8319,right
15683,0.2117,0.0985,0.4213,16.21,9.42,70.37,0.4816,72.8220,right
15703,0.2096,0.1002,0.4127,16.49,15.82,57.56,0.4736,61.9264,right
15723,0.1844,0.1052,0.3845,14.78,17.27,46.17,0.4393,51.4591,right
15743,0.1440,0.1155,0.3817,12.82,16.93,33.25,0.4240,39.4566,right
15763,0.1028,0.1122,0.3995,11.80,9.19,24.76,0.4275,28.9305,right
15783,0.0990,0.1180,0.4235,10.89,-2.17,18.70,0.4506,21.7479,right
15803,0.1068,0.1068,0.4253,10.64,-6.31,12.03,0.4513,17.2548,right
15823,0.1039,0.1062,0.4095,9.16,-5.40,8.47,0.4357,13.5984,right
15843,0.1002,0.1035,0.3970,6.96,-1.50,4.21,0.4223,8.2741,right
15863,0.0840,0.1044,0.4033,6.12,0.37,1.05,0.4250,6.2229,stop
15883,0.0533,0.0955,0.4135,5.98,-0.93,-2.21,0.4277,6.4486,stop
15903,0.0450,0.0903,0.4139,6.46,-5.45,-3.68,0.4261,9.2169,stop
15923,0.0623,0.0955,0.4075,6.58,-5.65,-6.70,0.4231,10.9603,stop
15943,0.0663,0.1005,0.3947,6.55,0.08,-8.69,0.4126,10.8797,stop
15963,0.0481,0.1051,0.3909,5.50,3.88,-9.22,0.4076,11.4140,stop
15983,0.0276,0.1038,0.3993,3.91,2.26,-8.78,0.4135,9.8714,stop
16003,0.0096,0.0984,0.4078,4.09,-3.05,-8.20,0.4196,9.6581,stop
16023,0.0099,0.0936,0.4159,4.53,-9.51,-7.02,0.4264,12.6629,stop
16043,0.0338,0.0979,0.3978,5.42,-11.88,-6.79,0.4111,14.7179,stop
16063,0.0597,0.1053,0.3893,5.22,-7.44,-7.88,0.4077,12.0252,stop
16083,0.0631,0.1079,0.3915,4.81,1.40,-8.69,0.4110,10.0282,stop
16103,0.0226,0.1064,0.4146,4.87,5.66,-9.22,0.4286,11.8674,stop
16123,-0.0166,0.1074,0.4250,6.24,-0.37,-7.48,0.4387,9.7514,stop
16143,-0.0040,0.1157,0.4144,6.66,-8.58,-5.02,0.4303,11.9648,stop
16163,0.0347,0.1204,0.3992,6.63,-9.36,-4.40,0.4184,12.2810,stop
16183,0.0508,0.1241,0.3925,6.11,-3.21,-4.63,0.4147,8.3050,stop
16203,0.0493,0.1245,0.3945,5.28,3.18,-4.67,0.4166,7.7339,stop
16223,0.0149,0.1130,0.4081,5.48,4.73,-4.27,0.4237,8.4092,stop
16243,0.0039,0.1123,0.4077,5.88,-1.77,-2.99,0.4229,6.8293,stop
16263,0.0204,0.1150,0.4027,6.26,-6.67,-2.17,0.4193,9.4018,stop
16283,0.0428,0.1244,0.3844,5.89,-5.65,-2.17,0.4063,8.4462,stop
16303,0.0471,0.1255,0.3905,4.93,-1.77,-2.60,0.4129,5.8472,stop
16323,0.0355,0.1210,0.3939,4.43,0.87,-2.79,0.4136,5.3071,stop
16343,0.0201,0.1229,0.3955,3.97,-0.95,-2.47,0.4147,4.7718,stop
16363,0.0236,0.1176,0.4019,3.89,-3.69,-2.35,0.4194,5.8596,stop
16383,0.0315,0.1205,0.3992,4.66,-5.11,-2.67,0.4181,7.4148,stop
16403,0.0385,0.1239,0.3938,4.37,-4.02,-3.76,0.4146,7.0209,stop
16423,0.0325,0.1230,0.3917,4.18,-2.47,-4.03,0.4119,6.3136,stop
16443,0.0303,0.1233,0.3950,3.82,-2.23,-3.51,0.4149,5.6451,stop
16463,0.0254,0.1201,0.3962,3.73,-1.63,-3.30,0.4148,5.2365,stop
16483,0.0289,0.1174,0.3978,3.56,-2.27,-3.21,0.4158,5.3017,stop
16503,0.0332,0.1235,0.3893,3.42,-2.27,-3.56,0.4098,5.4336,stop
16523,0.0309,0.1215,0.3966,3.27,-0.41,-3.51,0.4159,4.8140,stop
16543,0.0258,0.1243,0.3958,2.61,-0.64,-2.58,0.4156,3.7261,stop
16563,0.0220,0.1261,0.3900,1.65,-2.08,-2.17,0.4105,3.4249,stop
16583,0.0321,0.1266,0.3877,0.93,-3.47,-1.62,0.4091,3.9366,stop
16603,0.0464,0.1244,0.3754,0.12,-1.63,-2.32,0.3982,2.8406,stop
16623,0.0419,0.1256,0.3748,-1.19,1.28,-3.56,0.3975,3.9644,stop
16643,0.0419,0.1316,0.3663,-3.45,2.50,-4.90,0.3915,6.4955,stop
16663,0.0339,0.1292,0.3602,-7.82,4.55,-5.56,0.3842,10.6153,stop
16683,0.0277,0.1290,0.3412,-14.03,4.67,-5.71,0.3658,15.8520,stop
16703,0.0209,0.1162,0.3127,-21.88,2.60,-4.84,0.3343,22.5566,stop
16723,0.0389,0.1189,0.2764,-29.24,2.90,-4.49,0.3034,29.7211,stop
16743,0.0499,0.1257,0.2388,-37.79,5.74,0.81,0.2744,38.2284,stop
16763,0.0537,0.1436,0.2024,-53.62,5.18,-5.19,0.2539,54.1171,stop
16783,0.0657,0.1450,0.1786,-72.60,4.21,-7.02,0.2392,73.0560,stop
16803,0.0914,0.1248,0.1758,-92.37,3.92,-9.54,0.2341,92.9408,stop
16823,0.0919,0.0814,0.2140,-110.12,3.42,-14.21,0.2467,111.0883,stop
16843,0.0465,0.0092,0.2692,-121.95,-1.73,-18.99,0.2733,123.4363,stop
16863,-0.0031,-0.0347,0.2848,-131.65,-20.89,-20.20,0.2869,134.8169,stop
16883,-0.0334,-0.0740,0.2823,-140.44,-46.15,-15.28,0.2938,148.6196,stop
16903,-0.0273,-0.0980,0.2885,-150.89,-74.05,-9.69,0.3059,168.3544,stop
16923,0.0826,-0.1068,0.2972,-162.90,-91.98,-6.06,0.3265,187.1753,stop
16943,0.1763,-0.1542,0.2892,-173.54,-75.28,-8.52,0.3721,189.3590,stop
16963,0.2064,-0.2020,0.2859,-184.46,-49.13,-12.61,0.4064,191.3048,stop
16983,0.1560,-0.2662,0.3226,-190.27,-30.09,-18.06,0.4464,193.4844,stop
17003,0.0492,-0.3379,0.4076,-189.02,-35.18,-25.28,0.5317,193.9231,stop
17023,-0.0276,-0.3927,0.4595,-177.80,-63.15,-24.67,0.6051,190.2876,stop
17043,-0.0181,-0.4171,0.4277,-166.92,-96.40,-18.99,0.5977,193.6854,stop
17063,0.0551,-0.4312,0.3750,-155.73,-114.55,-10.15,0.5741,193.5847,stop
17083,0.1069,-0.4592,0.3611,-142.70,-114.76,-2.11,0.5939,183.1366,stop
17103,0.1642,-0.4744,0.4071,-126.76,-104.14,3.71,0.6463,164.0954,stop
17123,0.2687,-0.4568,0.4352,-108.17,-85.42,8.15,0.6857,138.0700,stop
17143,0.3176,-0.4673,0.4619,-86.15,-48.41,7.74,0.7298,99.1259,stop
17163,0.3217,-0.4454,0.4475,-66.96,-12.76,4.24,0.7086,68.2994,stop
17183,0.3087,-0.4193,0.4053,-49.51,13.02,0.66,0.6598,51.1997,stop
17203,0.2776,-0.4124,0.4078,-33.05,30.58,-3.76,0.6430,45.1861,stop
17223,0.2341,-0.4358,0.4567,-16.67,42.89,-11.66,0.6733,47.4675,stop
17243,0.1810,-0.4458,0.5033,2.81,46.11,-16.96,0.6963,49.2081,stop
17263,0.1703,-0.4265,0.5088,20.70,38.85,-17.22,0.6854,47.2744,stop
17283,0.2094,-0.4077,0.4821,36.23,35.68,-17.36,0.6652,53.7298,stop
17303,0.2104,-0.3973,0.4625,50.55,41.36,-15.48,0.6451,67.1228,stop
17323,0.1866,-0.3931,0.4729,64.00,45.33,-14.02,0.6426,79.6685,stop
17343,0.1675,-0.4005,0.4844,79.68,43.74,-15.71,0.6504,92.2433,stop
17363,0.1144,-0.4104,0.5073,97.44,34.81,-17.11,0.6625,104.8722,stop
17383,0.1021,-0.3923,0.4985,114.09,17.01,-16.72,0.6426,116.5574,stop
17403,0.1561,-0.3710,0.4706,128.89,5.16,-18.32,0.6192,130.2833,stop
17423,0.1840,-0.3477,0.4226,138.18,8.08,-21.05,0.5773,140.0110,stop
17443,0.1893,-0.3057,0.3832,143.45,17.63,-22.03,0.5255,146.1995,stop
17463,0.1790,-0.2648,0.3761,144.37,31.40,-20.85,0.4935,149.2074,stop
17483,0.1573,-0.2533,0.4160,146.17,38.79,-19.57,0.5118,152.4897,stop
17503,0.1554,-0.2454,0.4384,148.41,39.59,-21.60,0.5258,155.1131,stop
17523,0.1451,-0.2334,0.4210,152.09,41.37,-22.08,0.5028,159.1573,stop
17543,0.1262,-0.2107,0.3925,154.41,40.41,-19.31,0.4630,160.7771,stop
17563,0.1128,-0.1857,0.3829,155.25,41.91,-18.82,0.4403,161.9068,stop
17583,0.0978,-0.1702,0.3997,157.79,38.27,-19.27,0.4452,163.5013,stop
17603,0.1066,-0.1499,0.4019,158.70,37.79,-21.82,0.4419,164.5910,stop
17623,0.1405,-0.1167,0.3799,158.92,45.98,-23.48,0.4215,167.0936,stop
17643,0.1189,-0.0875,0.3507,157.45,59.51,-25.33,0.3805,170.2168,stop
17663,0.0800,-0.0598,0.3301,154.90,67.88,-22.38,0.3449,170.5948,stop
17683,0.0322,-0.0295,0.3138,149.42,67.91,-19.74,0.3169,165.3104,stop
17703,0.0110,-0.0021,0.3015,144.32,62.81,-14.60,0.3017,158.0710,stop
17723,0.0176,0.0466,0.2798,136.96,57.68,-10.67,0.2842,148.9944,stop
17743,0.0203,0.0917,0.2427,124.93,57.73,-5.45,0.2602,137.7307,stop
17763,0.0176,0.1285,0.2112,108.60,55.92,3.40,0.2478,122.1966,stop
17783,0.0118,0.1489,0.2052,91.15,51.40,9.54,0.2538,105.0757,stop
17803,-0.0156,0.1570,0.2040,78.93,40.78,11.54,0.2579,89.5894,stop
17823,-0.0110,0.1924,0.1871,65.66,25.44,14.44,0.2686,71.8840,stop
17843,0.0068,0.2090,0.1902,50.99,15.94,13.53,0.2827,55.1112,stop
17863,0.0050,0.2234,0.1978,35.82,11.19,12.61,0.2984,39.5867,stop
17883,-0.0012,0.2297,0.2072,21.92,7.50,15.04,0.3093,27.6222,stop
17903,-0.0132,0.2380,0.2460,9.59,-2.32,14.44,0.3425,17.4901,stop
17923,0.0087,0.2322,0.2551,0.14,-10.46,13.25,0.3451,16.8820,stop
17943,0.0394,0.2284,0.2534,-7.66,-11.63,11.19,0.3434,17.8694,stop
17963,0.0289,0.2249,0.2639,-14.31,-7.89,7.07,0.3479,17.8020,stop
17983,0.0066,0.2175,0.2881,-19.73,-10.00,5.68,0.3610,22.8328,stop
18003,0.0266,0.2109,0.3176,-23.51,-12.02,4.08,0.3822,26.7165,stop
18023,0.0146,0.2028,0.3475,-23.94,-11.86,1.85,0.4026,26.7807,stop
18043,-0.0170,0.1982,0.3690,-24.47,-14.05,2.27,0.4192,28.3090,stop
18063,-0.0039,0.1962,0.3849,-23.02,-17.98,3.97,0.4320,29.4832,stop
18083,0.0101,0.1890,0.3973,-20.73,-17.66,3.86,0.4401,27.5098,stop
18103,0.0338,0.1887,0.3977,-18.06,-13.91,3.42,0.4415,23.0508,stop
18123,0.0421,0.1940,0.3921,-16.26,-4.56,2.31,0.4395,17.0448,stop
18143,0.0336,0.1930,0.3914,-14.76,3.86,0.95,0.4376,15.2896,stop
18163,0.0035,0.1938,0.4045,-12.67,6.90,0.44,0.4486,14.4357,stop
18183,-0.0159,0.1902,0.4243,-9.16,0.75,1.71,0.4653,9.3485,stop
18203,-0.0089,0.1920,0.4121,-5.89,-4.73,3.19,0.4547,8.2043,stop
18223,0.0118,0.1952,0.3923,-4.40,-7.69,4.89,0.4384,10.1197,stop
18243,0.0380,0.1987,0.3752,-4.56,-3.01,4.21,0.4263,6.9021,stop
18263,0.0267,0.1997,0.3767,-5.53,2.32,3.40,0.4272,6.8935,stop
18283,0.0020,0.1940,0.3949,-5.83,0.73,5.44,0.4400,8.0057,stop
18303,-0.0073,0.1826,0.4021,-4.09,-4.05,6.73,0.4417,8.8567,stop
18323,0.0123,0.1831,0.3861,-3.27,-9.54,7.62,0.4275,12.6397,stop
18343,0.0471,0.1859,0.3661,-3.11,-8.08,6.03,0.4133,10.5496,stop
18363,0.0537,0.1842,0.3693,-3.31,-2.06,3.68,0.4161,5.3630,stop
18383,0.0421,0.1832,0.3821,-3.28,3.27,2.23,0.4258,5.1398,stop
18403,0.0161,0.1782,0.3862,-2.78,2.27,2.14,0.4257,4.1790,stop
18423,0.0077,0.1735,0.3799,-2.09,-2.52,2.06,0.4177,3.8689,stop
18443,0.0253,0.1790,0.3728,-1.91,-6.29,1.60,0.4143,6.7659,stop
18463,0.0355,0.1785,0.3708,-2.44,-4.34,0.56,0.4131,5.0086,stop
18483,0.0277,0.1730,0.3781,-3.47,-1.07,0.03,0.4167,3.6268,stop
18503,0.0125,0.1703,0.3806,-3.80,-0.76,0.75,0.4172,3.9489,stop
18523,0.0032,0.1691,0.3821,-3.97,-2.20,1.98,0.4178,4.9527,stop
18543,0.0167,0.1763,0.3783,-4.56,-3.83,3.10,0.4177,6.7177,stop
18563,0.0247,0.1724,0.3751,-5.50,-3.53,3.71,0.4136,7.5106,stop
18583,0.0261,0.1707,0.3802,-5.89,-2.85,3.65,0.4176,7.4963,stop
18603,0.0204,0.1633,0.3932,-5.25,-3.30,3.63,0.4263,7.1875,stop
18623,0.0200,0.1653,0.3912,-4.26,-4.35,3.65,0.4252,7.0986,stop
18643,0.0321,0.1646,0.3879,-3.79,-3.91,3.15,0.4226,6.2851,stop
